relation,pred_count,gt_count,tp,fp,fn,precision,recall,f1
CAUSES,6,105,6,0,99,1.0,0.05714285714285714,0.1081081081081081
HANDLED_BY,4,96,4,0,92,1.0,0.041666666666666664,0.07999999999999999
REFERENCES,0,23,0,0,23,0.0,0.0,0.0
REQUIRES,15,132,15,0,117,1.0,0.11363636363636363,0.20408163265306123
TRIGGERS,12,83,12,0,71,1.0,0.14457831325301204,0.25263157894736843
