variant,entity_precision,entity_recall,entity_f1,relation_precision,relation_recall,relation_f1,pred_entities_count,pred_triples_count
local,0.8928571428571429,0.17006802721088435,0.28571428571428564,1.0,0.08428246013667426,0.15546218487394958,56,37
inferred,0.8928571428571429,0.17006802721088435,0.28571428571428564,1.0,0.08428246013667426,0.15546218487394958,56,37
merged,0.8928571428571429,0.17006802721088435,0.28571428571428564,1.0,0.08428246013667426,0.15546218487394958,56,37
